{
  "$schema": "https://biomejs.dev/schemas/1.7.3/schema.json",
  "formatter": {
    "enabled": true,
    "formatWithErrors": false,
    "indentStyle": "space",
    "indentWidth": 2,
    "lineEnding": "lf",
    "lineWidth": 120,
    "attributePosition": "auto",
    "ignore": ["**/lib"]
  },
  "organizeImports": { "enabled": true },
  "linter": {
    "enabled": true,
    "rules": {
      "recommended": false,
      "complexity": {
        "noBannedTypes": "error",
        "noUselessTypeConstraint": "error",
        "noForEach": "off"
      },
      "correctness": { "noPrecisionLoss": "error", "noUnusedVariables": "off" },
      "style": { "noNamespace": "error", "useAsConstAssertion": "error" },
      "nursery": {
        "useSortedClasses": "error"
      },
      "suspicious": {
        "noExtraNonNullAssertion": "error",
        "noMisleadingInstantiator": "error",
        "noUnsafeDeclarationMerging": "error",
        "noExplicitAny": "off",
        "noArrayIndexKey": "off"
      }
    },
    "ignore": [
      "**/__fixtures__",
      "**/__mocks__",
      "**/dist",
      "**/node_modules",
      "**/.yarn",
      "**/.history",
      "**/build",
      "**/coverage",
      "**/jest.config.js",
      "**/jest.transform.js",
      "**/docusaurus.config.ts",
      "**/sidebars.js",
      "**/*.md",
      "**/lib"
    ]
  },
  "javascript": {
    "formatter": {
      "jsxQuoteStyle": "double",
      "quoteProperties": "asNeeded",
      "semicolons": "asNeeded",
      "arrowParentheses": "asNeeded",
      "bracketSpacing": true,
      "bracketSameLine": false,
      "quoteStyle": "single",
      "attributePosition": "auto"
    }
  },
  "overrides": [
    {
      "include": ["*.ts", "*.tsx", "*.mts", "*.cts"],
      "linter": {
        "rules": {
          "correctness": {
            "noConstAssign": "off",
            "noGlobalObjectCalls": "off",
            "noInvalidConstructorSuper": "off",
            "noNewSymbol": "off",
            "noSetterReturn": "off",
            "noUndeclaredVariables": "off",
            "noUnreachable": "off",
            "noUnreachableSuper": "off"
          },
          "style": {
            "noArguments": "error",
            "noVar": "error",
            "useConst": "error"
          },
          "suspicious": {
            "noDuplicateClassMembers": "off",
            "noDuplicateObjectKeys": "off",
            "noDuplicateParameters": "off",
            "noFunctionAssign": "off",
            "noImportAssign": "off",
            "noRedeclare": "off",
            "noUnsafeNegation": "off",
            "useGetterReturn": "off"
          }
        }
      }
    }
  ]
}
